{"type": "metrics", "dataset": "train", "precision": 0.6696464851686307, "balanced_accuracy": 0.6493422368810586, "recall": 0.3487830687830688, "f1_score": 0.45866963540217087}
{"type": "metrics", "dataset": "test", "precision": 0.6771130104463438, "balanced_accuracy": 0.6630058604844784, "recall": 0.3740818467995803, "f1_score": 0.48191956742142616}
{"type": "cm_matrix", "dataset": "train", "true_0": {"predicted_0": 15415, "predicted_1": 813}, "true_1": {"predicted_0": 3077, "predicted_1": 1648}}
{"type": "cm_matrix", "dataset": "test", "true_0": {"predicted_0": 6733, "predicted_1": 340}, "true_1": {"predicted_0": 1193, "predicted_1": 713}}
